,AMUNDI EURO LIQUIDITY-RATED RESPONSIBLE - I (C),AXA WF Switzerland Equity A Cap CHF,Allianz Oriental Income A (USD),Allianz Thailand Equity A-EUR,Amundi Core Global Gov Bond AHE Acc,Amundi Core Global Gov Bond IHE Acc,Amundi Core MSCI Em Mkts AE Acc,Amundi Core MSCI Europe AE Acc,Amundi Index MSCI World - AE (C),Amundi MSCI Em Mkts Swap UCITS ETF EUR Acc,Amundi MSCI World Swap UCITS ETF EUR Acc,Amundi S&P 500 Screened INDEX AE Acc,"AzValor Iberia, FI","Azvalor Internacional, FI",BGF Euro Bond Fund D2 EUR,BGF Euro Short Duration Bond E2 EUR,BGF Euro-Markets A2 EUR,BGF Global Allocation Fund A2 EUR,BGF Global Allocation Fund D2 USD,BGF Global Long-Horizon Equity A2 EUR,BGF World Gold A2 EUR,BGF World Healthscience Fund A2 EUR,BGF World Technology Fund A2 EUR,BNP Paribas Disruptive Technology Clsc Cap,BSF BlackRock ESG Fixed Income Strategies D2 EUR,CT (Lux) Asian Equity Income AU USD,CT (Lux) Pan European Eqs AE EUR,Fidelity Funds - China Focus Y-ACC-USD,Fidelity Funds - Emerging Markets A-ACC-USD,Fidelity Funds - Euro Bond A-EUR,Fidelity Funds - Europe Equity ESG A-ACC-EUR,Fidelity Funds - European Growth A-EUR,Fidelity Funds - Global Technology Y-ACC-EUR,Fundsmith SICAV-Fundsmith Equity EUR T Acc,Groupama Tresorerie IC,HSBC GIF - Euroland Equity Smaller Cos AC,HSBC GIF - Euroland Equity Smaller Cos IC,HSBC GIF - Euroland Value AC,HSBC GIF - Euroland Value AD,HSBC GIF Global Equity Climate Solutions EC,Invesco Global Consumer Trends A USD Acc,Invesco Pan European Equity A EUR Acc,JB Strategy Balanced-EUR A,JPM Emerging Europe Equity A Dis EUR SUSP,JPM Emerging Middle East Equity A Dist USD,JPM Global Focus A Acc EUR,Jupiter European Select L EUR Acc,MS INVF Global Brands Fund A USD Acc,MS INVF Global Brands Fund I USD Acc,MS INVF Global Opportunity Fund A USD Acc,Pictet-Euroland Index-P EUR,Pictet-Indian Equities-P EUR,Pictet-Short-Term Money Market EUR-P,Pictet-Short-Term Money Market USD-P,Pictet-Timber-P EUR,Robeco Global Consumer Trends D EUR,RobecoSAM Sustainable Global Equities EUR B,Schroder ISF EURO Bond A Acc EUR,Schroder ISF Emerging Asia A Acc EUR,Vanguard Emerging Markets Stock Index EUR Acc,Vanguard Emerging Markets Stock Index EUR Inv,Vanguard FTSE All-World UCITS ETF USD Acc,Vanguard FTSE All-World UCITS ETF USD Dis,Vanguard Global Stock Index EUR Acc,iShares Asia Pacific Dividend UCITS ETF USD (Dist),iShares Core MSCI World UCITS ETF USD (Acc),iShares Core S&P 500 UCITS ETF USD (Acc),iShares Euro Total Mrkt Grwth Lrg UCITS ETF EUR D,iShares Global Clean Energy Trnstn UCITS ETF USD D,iShares MSCI AC Far East ex-Jpn UCITS ETF USD D,iShares MSCI EM UCITS ETF USD (Dist),iShares MSCI World UCITS ETF USD (Dist),iShares € Corp Bond 1-5 yr UCITS ETF EUR (Dist),iShares € Govt Bond 1-3yr UCITS ETF EUR Dist
AMUNDI EURO LIQUIDITY-RATED RESPONSIBLE - I (C),6.76,0.0,0.0,0.0,0.0,0.0,0.0,0.0,0.0,0.0,0.0,0.0,0.0,0.0,0.0,0.0,0.0,0.0,0.0,0.0,0.0,0.0,0.0,0.0,0.0,0.0,0.0,0.0,0.0,0.0,0.0,0.0,0.0,0.0,0.0,0.0,0.0,0.0,0.0,0.0,0.0,0.0,0.0,0.0,0.0,0.0,0.0,0.0,0.0,0.0,0.0,0.0,0.0,0.0,0.0,0.0,0.0,0.0,0.0,0.0,0.0,0.0,0.0,0.0,0.0,0.0,0.0,0.0,0.0,0.0,0.0,0.0,0.0,0.0
AXA WF Switzerland Equity A Cap CHF,0.0,84.75,0.0,0.0,0.0,0.0,0.0,8.21,0.0,0.0,0.0,0.0,0.0,0.0,0.0,0.0,0.0,0.0,0.0,0.0,0.0,10.21,0.0,0.0,0.0,0.0,12.93,0.0,0.0,0.0,6.67,6.39,0.0,0.0,0.0,1.8,1.8,0.0,0.0,0.0,0.0,0.0,0.0,0.0,0.0,0.0,0.0,0.0,0.0,0.0,0.0,0.0,0.0,0.0,0.0,5.71,3.67,0.0,0.0,0.0,0.0,0.0,0.0,0.0,0.0,0.0,0.0,0.0,0.0,0.0,0.0,0.0,0.0,0.0
Allianz Oriental Income A (USD),0.0,0.0,64.87,0.0,0.0,0.0,5.98,0.0,0.0,0.0,0.0,0.0,0.0,0.0,0.0,0.0,0.0,0.0,0.0,1.75,0.0,0.0,7.6,0.0,0.0,7.53,0.0,0.0,5.62,0.0,0.0,0.0,0.0,0.0,0.0,0.0,0.0,0.0,0.0,0.0,0.0,0.0,0.0,0.0,0.0,0.0,0.0,0.0,0.0,3.44,0.0,0.0,0.0,0.0,0.0,0.0,0.0,0.0,11.41,6.79,6.79,0.91,0.91,0.0,0.0,0.0,0.0,0.0,0.0,7.36,6.41,0.0,0.0,0.0
Allianz Thailand Equity A-EUR,0.0,0.0,0.0,87.59,0.0,0.0,0.0,0.0,0.0,0.0,0.0,0.0,0.0,0.0,0.0,0.0,0.0,0.0,0.0,0.0,0.0,0.0,0.0,0.0,0.0,0.0,0.0,0.0,0.0,0.0,0.0,0.0,0.0,0.0,0.0,0.0,0.0,0.0,0.0,0.0,0.0,0.0,0.0,0.0,0.0,0.0,0.0,0.0,0.0,0.0,0.0,0.0,0.0,0.0,0.0,0.0,0.0,0.0,1.31,0.0,0.0,0.0,0.0,0.0,0.0,0.0,0.0,0.0,0.0,0.0,0.0,0.0,0.0,0.0
Amundi Core Global Gov Bond AHE Acc,0.0,0.0,0.0,0.0,8.59,8.59,0.0,0.0,0.0,0.0,0.0,0.0,0.0,0.0,0.0,0.0,0.0,0.0,0.0,0.0,0.0,0.0,0.0,0.0,0.0,0.0,0.0,0.0,0.0,0.0,0.0,0.0,0.0,0.0,0.0,0.0,0.0,0.0,0.0,0.0,0.0,0.0,0.36,0.0,0.0,0.0,0.0,0.0,0.0,0.0,0.0,0.0,0.0,0.0,0.0,0.0,0.0,0.0,0.0,0.0,0.0,0.0,0.0,0.0,0.0,0.0,0.0,0.0,0.0,0.0,0.0,0.0,0.0,0.0
Amundi Core Global Gov Bond IHE Acc,0.0,0.0,0.0,0.0,8.59,8.59,0.0,0.0,0.0,0.0,0.0,0.0,0.0,0.0,0.0,0.0,0.0,0.0,0.0,0.0,0.0,0.0,0.0,0.0,0.0,0.0,0.0,0.0,0.0,0.0,0.0,0.0,0.0,0.0,0.0,0.0,0.0,0.0,0.0,0.0,0.0,0.0,0.36,0.0,0.0,0.0,0.0,0.0,0.0,0.0,0.0,0.0,0.0,0.0,0.0,0.0,0.0,0.0,0.0,0.0,0.0,0.0,0.0,0.0,0.0,0.0,0.0,0.0,0.0,0.0,0.0,0.0,0.0,0.0
Amundi Core MSCI Em Mkts AE Acc,0.0,0.0,5.98,0.0,0.0,0.0,45.13,0.0,0.0,0.0,0.0,0.0,0.0,0.0,0.0,0.0,0.0,2.6,2.6,9.27,0.46,0.0,11.32,0.0,0.0,21.77,0.0,6.2,23.16,0.0,0.0,0.0,11.4,0.0,0.0,0.0,0.0,0.0,0.0,0.92,0.0,0.0,0.0,0.0,0.43,0.0,0.0,4.12,4.12,16.38,0.0,1.78,0.0,0.0,0.0,9.54,0.0,0.0,31.8,42.3,42.3,3.62,3.62,0.0,0.0,0.0,0.0,0.0,0.0,40.94,42.55,0.0,0.0,0.0
Amundi Core MSCI Europe AE Acc,0.0,8.21,0.0,0.0,0.0,0.0,0.0,37.08,0.71,1.21,11.33,0.0,0.0,0.0,0.0,0.0,13.33,1.08,1.08,1.8,0.0,7.02,0.0,3.63,0.0,0.0,21.41,0.0,0.0,0.0,12.32,15.11,4.8,2.02,0.0,0.0,0.0,7.57,7.57,2.2,0.0,13.6,0.0,0.0,0.0,6.21,7.38,1.33,1.33,5.76,19.53,0.0,0.0,0.0,0.0,1.8,3.89,0.0,0.0,0.0,0.0,0.73,0.73,0.85,0.0,0.71,0.0,13.59,0.0,0.0,0.0,0.71,0.0,0.0
Amundi Index MSCI World - AE (C),0.0,0.0,0.0,0.0,0.0,0.0,0.0,0.71,36.37,26.08,8.26,19.22,0.0,0.0,0.0,0.0,0.71,18.42,18.42,20.57,0.0,2.22,21.03,20.53,0.0,0.0,0.71,0.0,0.0,0.0,0.71,0.71,16.04,8.02,0.0,0.0,0.0,0.0,0.0,8.3,4.96,0.71,0.0,0.0,0.0,23.38,0.71,9.58,9.58,6.06,0.71,0.0,0.0,0.0,0.0,17.79,2.78,0.0,0.0,0.0,0.0,28.24,28.24,32.34,0.0,35.06,35.21,0.71,0.0,0.0,0.0,35.08,0.0,0.0
Amundi MSCI Em Mkts Swap UCITS ETF EUR Acc,0.0,0.0,0.0,0.0,0.0,0.0,0.0,1.21,26.08,65.31,10.99,20.63,0.0,0.0,0.0,0.0,2.85,16.56,16.56,24.26,0.0,0.0,27.51,24.91,0.0,0.0,0.0,0.0,0.0,0.0,0.0,3.74,17.03,6.96,0.0,0.0,0.0,4.91,4.91,8.38,13.98,3.54,0.0,0.0,0.0,24.21,0.0,8.14,8.14,4.53,2.26,0.0,0.0,0.0,0.0,21.36,1.95,0.0,0.0,0.0,0.0,24.08,24.08,27.1,0.0,26.03,34.0,0.0,0.0,0.0,0.0,26.05,0.0,0.0
Amundi MSCI World Swap UCITS ETF EUR Acc,0.0,0.0,0.0,0.0,0.0,0.0,0.0,11.33,8.26,10.99,78.88,3.15,0.0,0.0,0.0,0.0,21.08,7.81,7.81,8.05,0.0,1.17,6.2,12.73,0.0,0.0,16.36,0.0,0.0,0.0,14.89,9.38,7.89,5.08,0.0,1.21,1.21,12.22,12.22,8.49,0.0,8.61,0.0,0.0,0.0,10.59,4.15,1.39,1.39,8.06,19.14,0.0,0.0,0.0,0.0,5.78,0.0,0.0,0.0,0.0,0.0,8.11,8.11,8.42,0.0,8.28,8.09,22.39,0.0,0.0,0.0,8.28,0.0,0.0
Amundi S&P 500 Screened INDEX AE Acc,0.0,0.0,0.0,0.0,0.0,0.0,0.0,0.0,19.22,20.63,3.15,54.9,0.0,0.0,0.0,0.0,0.0,11.15,11.15,15.16,0.0,5.16,18.22,21.25,0.0,0.0,0.0,0.0,0.0,0.0,0.0,0.0,12.33,11.12,0.0,0.0,0.0,0.0,0.0,6.34,2.67,0.0,0.0,0.0,0.0,21.04,0.0,13.41,13.41,2.73,0.0,0.0,0.0,0.0,0.0,19.12,2.78,0.0,0.0,0.0,0.0,15.54,15.54,18.89,0.0,19.05,27.78,0.0,0.0,0.0,0.0,19.07,0.0,0.0
"AzValor Iberia, FI",0.0,0.0,0.0,0.0,0.0,0.0,0.0,0.0,0.0,0.0,0.0,0.0,56.71,0.0,0.0,0.0,0.0,0.0,0.0,0.0,0.0,0.0,0.0,0.0,0.0,0.0,0.0,0.0,0.0,0.0,0.0,0.0,0.0,0.0,0.0,0.0,0.0,0.0,0.0,0.0,0.0,0.0,0.0,0.0,0.0,0.0,0.0,0.0,0.0,0.0,0.0,0.0,0.0,0.0,0.0,0.0,0.0,0.0,0.0,0.0,0.0,0.0,0.0,0.0,0.0,0.0,0.0,0.0,0.0,0.0,0.0,0.0,0.0,0.0
"Azvalor Internacional, FI",0.0,0.0,0.0,0.0,0.0,0.0,0.0,0.0,0.0,0.0,0.0,0.0,0.0,49.44,0.0,0.0,0.0,0.0,0.0,0.0,0.0,0.0,0.0,0.0,0.0,0.0,0.0,0.0,0.0,0.0,0.0,0.0,0.0,0.0,0.0,0.0,0.0,0.0,0.0,0.0,0.0,0.0,0.0,0.0,0.0,0.0,0.0,0.0,0.0,0.0,0.0,0.0,0.0,0.0,0.62,0.0,0.0,0.0,0.0,0.0,0.0,0.0,0.0,0.0,0.0,0.0,0.0,0.0,0.0,0.0,0.0,0.0,0.0,0.0
BGF Euro Bond Fund D2 EUR,0.0,0.0,0.0,0.0,0.0,0.0,0.0,0.0,0.0,0.0,0.0,0.0,0.0,0.0,25.36,4.41,0.0,0.0,0.0,0.0,0.0,0.0,0.0,0.0,5.53,0.0,0.0,0.0,0.0,0.0,0.0,0.0,0.0,0.0,0.0,0.0,0.0,0.0,0.0,0.0,0.0,0.0,0.0,0.0,0.0,0.0,0.0,0.0,0.0,0.0,0.0,0.0,0.0,0.0,0.0,0.0,0.0,3.22,0.0,0.0,0.0,0.0,0.0,0.0,0.0,0.0,0.0,0.0,0.0,0.0,0.0,0.0,0.1,0.15
BGF Euro Short Duration Bond E2 EUR,0.0,0.0,0.0,0.0,0.0,0.0,0.0,0.0,0.0,0.0,0.0,0.0,0.0,0.0,4.41,32.48,0.0,0.0,0.0,0.0,0.0,0.0,0.0,0.0,2.91,0.0,0.0,0.0,0.0,0.0,0.0,0.0,0.0,0.0,0.0,0.0,0.0,0.0,0.0,0.0,0.0,0.0,0.0,0.0,0.0,0.0,0.0,0.0,0.0,0.0,0.0,0.0,0.0,0.0,0.0,0.0,0.0,0.0,0.0,0.0,0.0,0.0,0.0,0.0,0.0,0.0,0.0,0.0,0.0,0.0,0.0,0.0,0.0,10.99
BGF Euro-Markets A2 EUR,0.0,0.0,0.0,0.0,0.0,0.0,0.0,13.33,0.71,2.85,21.08,0.0,0.0,0.0,0.0,0.0,77.02,1.08,1.08,2.55,0.0,0.0,0.0,3.63,0.0,0.0,23.9,0.0,0.0,0.0,28.62,20.55,4.75,1.7,0.0,9.97,9.97,18.26,18.26,12.07,0.0,13.83,0.0,0.0,0.0,6.82,9.51,0.0,0.0,8.17,27.33,0.0,0.0,0.0,0.0,1.79,0.0,0.0,0.0,0.0,0.0,0.73,0.73,0.85,0.0,0.71,0.0,38.61,0.0,0.0,0.0,0.71,0.0,0.0
BGF Global Allocation Fund A2 EUR,0.0,0.0,0.0,0.0,0.0,0.0,2.6,1.08,18.42,16.56,7.81,11.15,0.0,0.0,0.0,0.0,1.08,31.03,31.03,14.59,0.0,1.25,12.39,12.04,0.0,1.71,1.08,0.0,2.6,0.0,1.08,1.08,10.04,2.58,0.0,0.0,0.0,0.0,0.0,6.34,4.07,1.08,0.0,0.0,0.0,13.08,1.08,5.37,5.37,6.73,1.08,0.0,0.0,0.0,0.0,12.0,1.59,0.0,2.6,2.6,2.6,20.37,20.37,18.84,0.0,18.37,18.74,1.08,0.0,2.6,2.6,18.38,0.0,0.0
BGF Global Allocation Fund D2 USD,0.0,0.0,0.0,0.0,0.0,0.0,2.6,1.08,18.42,16.56,7.81,11.15,0.0,0.0,0.0,0.0,1.08,31.03,31.03,14.59,0.0,1.25,12.39,12.04,0.0,1.71,1.08,0.0,2.6,0.0,1.08,1.08,10.04,2.58,0.0,0.0,0.0,0.0,0.0,6.34,4.07,1.08,0.0,0.0,0.0,13.08,1.08,5.37,5.37,6.73,1.08,0.0,0.0,0.0,0.0,12.0,1.59,0.0,2.6,2.6,2.6,20.37,20.37,18.84,0.0,18.37,18.74,1.08,0.0,2.6,2.6,18.38,0.0,0.0
BGF Global Long-Horizon Equity A2 EUR,0.0,0.0,1.75,0.0,0.0,0.0,9.27,1.8,20.57,24.26,8.05,15.16,0.0,0.0,0.0,0.0,2.55,14.59,14.59,76.24,0.0,2.76,25.39,27.35,0.0,5.09,2.68,1.98,8.03,0.0,5.44,1.76,20.6,13.5,0.0,0.0,0.0,2.38,2.38,9.56,5.8,2.76,0.0,0.0,0.0,28.13,2.76,18.89,18.89,14.74,1.57,2.34,0.0,0.0,0.0,32.35,4.52,0.0,12.59,8.96,8.96,20.3,20.3,19.23,0.0,19.65,23.13,2.87,0.0,8.58,9.32,19.66,0.0,0.0
BGF World Gold A2 EUR,0.0,0.0,0.0,0.0,0.0,0.0,0.46,0.0,0.0,0.0,0.0,0.0,0.0,0.0,0.0,0.0,0.0,0.0,0.0,0.0,87.37,0.0,0.0,0.0,0.0,0.0,0.0,0.0,0.0,0.0,0.0,0.0,0.0,0.0,0.0,0.0,0.0,0.0,0.0,0.0,0.0,0.0,0.0,0.0,0.0,0.0,0.0,0.0,0.0,0.0,0.0,0.0,0.0,0.0,0.0,0.0,0.0,0.0,0.0,0.0,0.0,0.0,0.0,0.0,0.0,0.0,0.0,0.0,0.0,0.0,0.0,0.0,0.0,0.0
BGF World Healthscience Fund A2 EUR,0.0,10.21,0.0,0.0,0.0,0.0,0.0,7.02,2.22,0.0,1.17,5.16,0.0,0.0,0.0,0.0,0.0,1.25,1.25,2.76,0.0,77.95,0.0,0.0,0.0,0.0,9.36,0.0,0.0,0.0,6.61,8.16,0.0,1.26,0.0,0.0,0.0,0.0,0.0,0.0,0.0,2.94,0.0,0.0,0.0,5.87,3.3,2.42,2.42,0.0,0.0,0.0,0.0,0.0,0.0,3.2,7.19,0.0,0.0,0.0,0.0,1.5,1.5,1.75,0.0,2.2,3.03,0.0,0.0,0.0,0.0,2.21,0.0,0.0
BGF World Technology Fund A2 EUR,0.0,0.0,7.6,0.0,0.0,0.0,11.32,0.0,21.03,27.51,6.2,18.22,0.0,0.0,0.0,0.0,0.0,12.39,12.39,25.39,0.0,0.0,77.07,30.06,0.0,6.73,0.0,0.0,10.15,0.0,0.0,0.0,14.89,7.81,0.0,0.0,0.0,0.0,0.0,15.12,1.98,0.0,0.0,0.0,0.0,22.05,0.0,9.79,9.79,8.08,0.0,0.0,0.0,0.0,0.0,26.65,2.78,0.0,15.62,13.89,13.89,20.63,20.63,21.28,0.0,21.3,26.46,0.0,0.0,13.06,11.34,21.31,0.0,0.0
BNP Paribas Disruptive Technology Clsc Cap,0.0,0.0,0.0,0.0,0.0,0.0,0.0,3.63,20.53,24.91,12.73,21.25,0.0,0.0,0.0,0.0,3.63,12.04,12.04,27.35,0.0,0.0,30.06,78.33,0.0,0.0,3.63,0.0,0.0,0.0,3.63,3.38,23.58,14.29,0.0,0.0,0.0,0.0,0.0,11.84,6.52,3.63,0.0,0.0,0.0,29.98,3.63,15.1,15.1,11.83,3.63,0.0,0.0,0.0,0.0,27.3,2.78,0.0,0.0,0.0,0.0,17.63,17.63,19.78,0.0,20.72,24.78,3.63,2.37,0.0,0.0,20.74,0.0,0.0
BSF BlackRock ESG Fixed Income Strategies D2 EUR,0.0,0.0,0.0,0.0,0.0,0.0,0.0,0.0,0.0,0.0,0.0,0.0,0.0,0.0,5.53,2.91,0.0,0.0,0.0,0.0,0.0,0.0,0.0,0.0,23.04,0.0,0.0,0.0,0.0,0.0,0.0,0.0,0.0,0.0,0.0,0.0,0.0,0.0,0.0,0.0,0.0,0.0,0.0,0.0,0.0,0.0,0.0,0.0,0.0,0.0,0.0,0.0,0.0,0.0,0.0,0.0,0.0,1.11,0.0,0.0,0.0,0.0,0.0,0.0,0.0,0.0,0.0,0.0,0.0,0.0,0.0,0.0,0.0,0.15
CT (Lux) Asian Equity Income AU USD,0.0,0.0,7.53,0.0,0.0,0.0,21.77,0.0,0.0,0.0,0.0,0.0,0.0,0.0,0.0,0.0,0.0,1.71,1.71,5.09,0.0,0.0,6.73,0.0,0.0,68.6,0.0,7.85,23.88,0.0,0.0,0.0,11.14,0.0,0.0,0.0,0.0,0.0,0.0,0.0,0.0,0.0,0.0,0.0,0.0,0.0,0.0,4.12,4.12,13.62,0.0,2.42,0.0,0.0,0.0,5.44,0.0,0.0,27.29,21.88,21.88,2.66,2.66,0.0,8.78,0.0,0.0,0.0,0.0,23.69,22.05,0.0,0.0,0.0
CT (Lux) Pan European Eqs AE EUR,0.0,12.93,0.0,0.0,0.0,0.0,0.0,21.41,0.71,0.0,16.36,0.0,0.0,0.0,0.0,0.0,23.9,1.08,1.08,2.68,0.0,9.36,0.0,3.63,0.0,0.0,61.87,0.0,0.0,0.0,31.82,22.84,3.47,2.43,0.0,0.0,0.0,7.49,7.49,4.57,0.0,14.39,0.0,0.0,0.0,6.04,9.5,2.43,2.43,8.17,23.75,0.0,0.0,0.0,0.0,6.06,4.12,0.0,0.0,0.0,0.0,0.73,0.73,0.85,0.0,0.71,0.0,24.18,0.0,0.0,0.0,0.71,0.0,0.0
Fidelity Funds - China Focus Y-ACC-USD,0.0,0.0,0.0,0.0,0.0,0.0,6.2,0.0,0.0,0.0,0.0,0.0,0.0,0.0,0.0,0.0,0.0,0.0,0.0,1.98,0.0,0.0,0.0,0.0,0.0,7.85,0.0,60.72,2.56,0.0,0.0,0.0,1.04,0.0,0.0,0.0,0.0,0.0,0.0,0.0,0.0,0.0,0.0,0.0,0.0,0.0,0.0,0.0,0.0,0.0,0.0,0.0,0.0,0.0,0.0,1.77,0.0,0.0,11.19,5.44,5.44,0.0,0.0,0.0,0.0,0.0,0.0,1.57,0.0,9.39,7.32,0.0,0.0,0.0
Fidelity Funds - Emerging Markets A-ACC-USD,0.0,0.0,5.62,0.0,0.0,0.0,23.16,0.0,0.0,0.0,0.0,0.0,0.0,0.0,0.0,0.0,0.0,2.6,2.6,8.03,0.0,0.0,10.15,0.0,0.0,23.88,0.0,2.56,65.76,0.0,0.0,0.0,11.14,0.0,0.0,0.0,0.0,0.0,0.0,0.0,0.0,0.0,0.0,0.0,0.0,0.0,0.0,4.12,4.12,16.27,0.0,1.78,0.0,0.0,0.0,8.68,0.0,0.0,24.68,23.88,23.88,3.62,3.62,0.0,0.0,0.0,0.0,0.0,0.0,23.28,22.77,0.0,0.0,0.0
Fidelity Funds - Euro Bond A-EUR,0.0,0.0,0.0,0.0,0.0,0.0,0.0,0.0,0.0,0.0,0.0,0.0,0.0,0.0,0.0,0.0,0.0,0.0,0.0,0.0,0.0,0.0,0.0,0.0,0.0,0.0,0.0,0.0,0.0,80.86,0.0,0.0,0.0,0.0,0.0,0.0,0.0,0.0,0.0,0.0,0.0,0.0,0.0,0.0,0.0,0.0,0.0,0.0,0.0,0.0,0.0,0.0,0.0,0.0,0.0,0.0,0.0,0.8,0.0,0.0,0.0,0.0,0.0,0.0,0.0,0.0,0.0,0.0,0.0,0.0,0.0,0.0,0.0,0.0
Fidelity Funds - Europe Equity ESG A-ACC-EUR,0.0,6.67,0.0,0.0,0.0,0.0,0.0,12.32,0.71,0.0,14.89,0.0,0.0,0.0,0.0,0.0,28.62,1.08,1.08,5.44,0.0,6.61,0.0,3.63,0.0,0.0,31.82,0.0,0.0,0.0,73.05,30.44,3.47,2.7,0.0,5.12,5.12,5.36,5.36,4.63,0.0,9.76,0.0,0.0,0.0,2.59,12.38,4.93,4.93,8.17,17.56,0.0,0.0,0.0,0.0,6.66,5.42,0.0,0.0,0.0,0.0,0.73,0.73,0.85,0.0,0.71,0.0,22.96,0.0,0.0,0.0,0.71,0.0,0.0
Fidelity Funds - European Growth A-EUR,0.0,6.39,0.0,0.0,0.0,0.0,0.0,15.11,0.71,3.74,9.38,0.0,0.0,0.0,0.0,0.0,20.55,1.08,1.08,1.76,0.0,8.16,0.0,3.38,0.0,0.0,22.84,0.0,0.0,0.0,30.44,66.32,3.38,0.0,0.0,2.94,2.94,13.18,13.18,4.5,0.0,14.38,0.0,0.0,0.0,3.97,9.47,1.69,1.69,3.38,14.18,0.0,0.0,0.0,0.0,4.4,7.46,0.0,0.0,0.0,0.0,0.73,0.73,0.85,0.0,0.71,0.0,10.3,0.0,0.0,0.0,0.71,0.0,0.0
Fidelity Funds - Global Technology Y-ACC-EUR,0.0,0.0,0.0,0.0,0.0,0.0,11.4,4.8,16.04,17.03,7.89,12.33,0.0,0.0,0.0,0.0,4.75,10.04,10.04,20.6,0.0,0.0,14.89,23.58,0.0,11.14,3.47,1.04,11.14,0.0,3.47,3.38,63.96,14.02,0.0,0.0,0.0,0.0,0.0,4.41,4.27,3.47,0.0,0.0,0.0,21.26,3.47,20.73,20.73,15.72,5.09,0.0,0.0,0.0,0.0,19.06,2.78,0.0,10.52,11.39,11.39,14.51,14.51,14.73,0.0,15.95,18.99,6.37,0.0,11.67,11.41,15.96,0.0,0.0
Fundsmith SICAV-Fundsmith Equity EUR T Acc,0.0,0.0,0.0,0.0,0.0,0.0,0.0,2.02,8.02,6.96,5.08,11.12,0.0,0.0,0.0,0.0,1.7,2.58,2.58,13.5,0.0,1.26,7.81,14.29,0.0,0.0,2.43,0.0,0.0,0.0,2.7,0.0,14.02,95.24,0.0,0.0,0.0,0.0,0.0,3.13,0.0,0.0,0.0,0.0,0.0,12.05,0.0,25.4,25.4,7.27,3.19,0.0,0.0,0.0,0.0,14.57,5.14,0.0,0.0,0.0,0.0,6.37,6.37,7.24,0.0,8.12,10.49,6.6,0.0,0.0,0.0,8.12,0.0,0.0
Groupama Tresorerie IC,0.0,0.0,0.0,0.0,0.0,0.0,0.0,0.0,0.0,0.0,0.0,0.0,0.0,0.0,0.0,0.0,0.0,0.0,0.0,0.0,0.0,0.0,0.0,0.0,0.0,0.0,0.0,0.0,0.0,0.0,0.0,0.0,0.0,0.0,17.44,0.0,0.0,0.0,0.0,0.0,0.0,0.0,0.0,0.0,0.0,0.0,0.0,0.0,0.0,0.0,0.0,0.0,0.0,0.0,0.0,0.0,0.0,0.0,0.0,0.0,0.0,0.0,0.0,0.0,0.0,0.0,0.0,0.0,0.0,0.0,0.0,0.0,0.0,0.0
HSBC GIF - Euroland Equity Smaller Cos AC,0.0,1.8,0.0,0.0,0.0,0.0,0.0,0.0,0.0,0.0,1.21,0.0,0.0,0.0,0.0,0.0,9.97,0.0,0.0,0.0,0.0,0.0,0.0,0.0,0.0,0.0,0.0,0.0,0.0,0.0,5.12,2.94,0.0,0.0,0.0,47.97,47.97,3.8,3.8,2.82,0.0,0.0,0.0,0.0,0.0,0.0,0.0,0.0,0.0,0.0,0.0,0.0,0.0,0.0,0.0,0.0,0.0,0.0,0.0,0.0,0.0,0.0,0.0,0.0,0.0,0.0,0.0,0.0,0.0,0.0,0.0,0.0,0.0,0.0
HSBC GIF - Euroland Equity Smaller Cos IC,0.0,1.8,0.0,0.0,0.0,0.0,0.0,0.0,0.0,0.0,1.21,0.0,0.0,0.0,0.0,0.0,9.97,0.0,0.0,0.0,0.0,0.0,0.0,0.0,0.0,0.0,0.0,0.0,0.0,0.0,5.12,2.94,0.0,0.0,0.0,47.97,47.97,3.8,3.8,2.82,0.0,0.0,0.0,0.0,0.0,0.0,0.0,0.0,0.0,0.0,0.0,0.0,0.0,0.0,0.0,0.0,0.0,0.0,0.0,0.0,0.0,0.0,0.0,0.0,0.0,0.0,0.0,0.0,0.0,0.0,0.0,0.0,0.0,0.0
HSBC GIF - Euroland Value AC,0.0,0.0,0.0,0.0,0.0,0.0,0.0,7.57,0.0,4.91,12.22,0.0,0.0,0.0,0.0,0.0,18.26,0.0,0.0,2.38,0.0,0.0,0.0,0.0,0.0,0.0,7.49,0.0,0.0,0.0,5.36,13.18,0.0,0.0,0.0,3.8,3.8,71.49,71.49,2.1,0.0,16.65,0.0,0.0,0.0,1.38,0.0,0.0,0.0,0.0,14.39,0.0,0.0,0.0,0.0,0.0,2.05,0.0,0.0,0.0,0.0,0.0,0.0,0.0,0.0,0.0,0.0,7.4,2.13,0.0,0.0,0.0,0.0,0.0
HSBC GIF - Euroland Value AD,0.0,0.0,0.0,0.0,0.0,0.0,0.0,7.57,0.0,4.91,12.22,0.0,0.0,0.0,0.0,0.0,18.26,0.0,0.0,2.38,0.0,0.0,0.0,0.0,0.0,0.0,7.49,0.0,0.0,0.0,5.36,13.18,0.0,0.0,0.0,3.8,3.8,71.49,71.49,2.1,0.0,16.65,0.0,0.0,0.0,1.38,0.0,0.0,0.0,0.0,14.39,0.0,0.0,0.0,0.0,0.0,2.05,0.0,0.0,0.0,0.0,0.0,0.0,0.0,0.0,0.0,0.0,7.4,2.13,0.0,0.0,0.0,0.0,0.0
HSBC GIF Global Equity Climate Solutions EC,0.0,0.0,0.0,0.0,0.0,0.0,0.92,2.2,8.3,8.38,8.49,6.34,0.0,0.0,0.0,0.0,12.07,6.34,6.34,9.56,0.0,0.0,15.12,11.84,0.0,0.0,4.57,0.0,0.0,0.0,4.63,4.5,4.41,3.13,0.0,2.82,2.82,2.1,2.1,73.07,1.4,0.0,0.0,0.0,0.0,7.98,0.0,5.02,5.02,2.5,5.79,0.0,0.0,0.0,0.0,8.39,2.78,0.0,1.91,0.96,0.96,7.53,7.53,8.03,0.0,8.16,8.99,9.02,0.0,1.06,0.82,8.16,0.0,0.0
Invesco Global Consumer Trends A USD Acc,0.0,0.0,0.0,0.0,0.0,0.0,0.0,0.0,4.96,13.98,0.0,2.67,0.0,0.0,0.0,0.0,0.0,4.07,4.07,5.8,0.0,0.0,1.98,6.52,0.0,0.0,0.0,0.0,0.0,0.0,0.0,0.0,4.27,0.0,0.0,0.0,0.0,0.0,0.0,1.4,56.66,0.0,0.0,0.0,0.0,4.99,0.0,2.92,2.92,2.79,0.0,0.0,0.0,0.0,0.0,4.4,0.0,0.0,0.0,0.0,0.0,4.62,4.62,5.33,0.0,5.06,7.03,0.0,0.0,0.0,0.0,5.07,0.0,0.0
Invesco Pan European Equity A EUR Acc,0.0,0.0,0.0,0.0,0.0,0.0,0.0,13.6,0.71,3.54,8.61,0.0,0.0,0.0,0.0,0.0,13.83,1.08,1.08,2.76,0.0,2.94,0.0,3.63,0.0,0.0,14.39,0.0,0.0,0.0,9.76,14.38,3.47,0.0,0.0,0.0,0.0,16.65,16.65,0.0,0.0,35.22,0.0,0.0,0.0,3.97,10.55,0.0,0.0,4.33,16.04,0.0,0.0,0.0,0.0,2.12,1.74,0.0,0.0,0.0,0.0,0.73,0.73,0.85,0.0,0.71,0.0,6.99,0.0,0.0,0.0,0.71,0.0,0.0
JB Strategy Balanced-EUR A,0.0,0.0,0.0,0.0,0.36,0.36,0.0,0.0,0.0,0.0,0.0,0.0,0.0,0.0,0.0,0.0,0.0,0.0,0.0,0.0,0.0,0.0,0.0,0.0,0.0,0.0,0.0,0.0,0.0,0.0,0.0,0.0,0.0,0.0,0.0,0.0,0.0,0.0,0.0,0.0,0.0,0.0,33.91,0.0,0.0,0.0,0.0,0.0,0.0,0.0,0.0,0.0,0.0,0.0,0.0,0.0,0.0,0.0,0.0,0.0,0.0,0.0,0.0,0.0,0.0,0.0,0.0,0.0,0.0,0.0,0.0,0.0,0.0,0.0
JPM Emerging Europe Equity A Dis EUR SUSP,0.0,0.0,0.0,0.0,0.0,0.0,0.0,0.0,0.0,0.0,0.0,0.0,0.0,0.0,0.0,0.0,0.0,0.0,0.0,0.0,0.0,0.0,0.0,0.0,0.0,0.0,0.0,0.0,0.0,0.0,0.0,0.0,0.0,0.0,0.0,0.0,0.0,0.0,0.0,0.0,0.0,0.0,0.0,93.07,0.0,0.0,0.0,0.0,0.0,0.0,0.0,0.0,0.0,0.0,0.0,0.0,0.0,0.0,0.0,0.0,0.0,0.0,0.0,0.0,0.0,0.0,0.0,0.0,0.0,0.0,0.0,0.0,0.0,0.0
JPM Emerging Middle East Equity A Dist USD,0.0,0.0,0.0,0.0,0.0,0.0,0.43,0.0,0.0,0.0,0.0,0.0,0.0,0.0,0.0,0.0,0.0,0.0,0.0,0.0,0.0,0.0,0.0,0.0,0.0,0.0,0.0,0.0,0.0,0.0,0.0,0.0,0.0,0.0,0.0,0.0,0.0,0.0,0.0,0.0,0.0,0.0,0.0,0.0,73.59,0.0,0.0,0.0,0.0,0.0,0.0,0.0,0.0,0.0,0.0,0.0,0.0,0.0,0.0,0.41,0.41,0.0,0.0,0.0,0.0,0.0,0.0,0.0,0.0,0.0,0.0,0.0,0.0,0.0
JPM Global Focus A Acc EUR,0.0,0.0,0.0,0.0,0.0,0.0,0.0,6.21,23.38,24.21,10.59,21.04,0.0,0.0,0.0,0.0,6.82,13.08,13.08,28.13,0.0,5.87,22.05,29.98,0.0,0.0,6.04,0.0,0.0,0.0,2.59,3.97,21.26,12.05,0.0,0.0,0.0,1.38,1.38,7.98,4.99,3.97,0.0,0.0,0.0,64.5,2.59,12.43,12.43,9.62,5.57,0.0,0.0,0.0,0.0,25.93,2.78,0.0,0.0,0.0,0.0,18.84,18.84,20.86,0.0,23.59,29.27,5.44,0.0,0.0,0.0,23.61,0.0,0.0
Jupiter European Select L EUR Acc,0.0,0.0,0.0,0.0,0.0,0.0,0.0,7.38,0.71,0.0,4.15,0.0,0.0,0.0,0.0,0.0,9.51,1.08,1.08,2.76,0.0,3.3,0.0,3.63,0.0,0.0,9.5,0.0,0.0,0.0,12.38,9.47,3.47,0.0,0.0,0.0,0.0,0.0,0.0,0.0,0.0,10.55,0.0,0.0,0.0,2.59,32.22,3.17,3.17,4.73,6.47,0.0,0.0,0.0,0.0,5.43,1.74,0.0,0.0,0.0,0.0,0.73,0.73,0.85,0.0,0.71,0.0,6.82,0.0,0.0,0.0,0.71,0.0,0.0
MS INVF Global Brands Fund A USD Acc,0.0,0.0,0.0,0.0,0.0,0.0,4.12,1.33,9.58,8.14,1.39,13.41,0.0,0.0,0.0,0.0,0.0,5.37,5.37,18.89,0.0,2.42,9.79,15.1,0.0,4.12,2.43,0.0,4.12,0.0,4.93,1.69,20.73,25.4,0.0,0.0,0.0,0.0,0.0,5.02,2.92,0.0,0.0,0.0,0.0,12.43,3.17,87.53,87.53,11.9,3.87,0.0,0.0,0.0,0.0,17.27,2.78,0.0,4.12,4.12,4.12,9.15,9.15,8.43,0.0,9.49,12.12,7.08,0.0,4.12,4.12,9.49,0.0,0.0
MS INVF Global Brands Fund I USD Acc,0.0,0.0,0.0,0.0,0.0,0.0,4.12,1.33,9.58,8.14,1.39,13.41,0.0,0.0,0.0,0.0,0.0,5.37,5.37,18.89,0.0,2.42,9.79,15.1,0.0,4.12,2.43,0.0,4.12,0.0,4.93,1.69,20.73,25.4,0.0,0.0,0.0,0.0,0.0,5.02,2.92,0.0,0.0,0.0,0.0,12.43,3.17,87.53,87.53,11.9,3.87,0.0,0.0,0.0,0.0,17.27,2.78,0.0,4.12,4.12,4.12,9.15,9.15,8.43,0.0,9.49,12.12,7.08,0.0,4.12,4.12,9.49,0.0,0.0
MS INVF Global Opportunity Fund A USD Acc,0.0,0.0,3.44,0.0,0.0,0.0,16.38,5.76,6.06,4.53,8.06,2.73,0.0,0.0,0.0,0.0,8.17,6.73,6.73,14.74,0.0,0.0,8.08,11.83,0.0,13.62,8.17,0.0,16.27,0.0,8.17,3.38,15.72,7.27,0.0,0.0,0.0,0.0,0.0,2.5,2.79,4.33,0.0,0.0,0.0,9.62,4.73,11.9,11.9,84.1,7.92,2.08,0.0,0.0,0.0,15.48,0.0,0.0,16.16,15.95,15.95,8.28,8.28,5.43,0.0,6.03,6.35,9.96,0.0,14.82,16.08,6.03,0.0,0.0
Pictet-Euroland Index-P EUR,0.0,0.0,0.0,0.0,0.0,0.0,0.0,19.53,0.71,2.26,19.14,0.0,0.0,0.0,0.0,0.0,27.33,1.08,1.08,1.57,0.0,0.0,0.0,3.63,0.0,0.0,23.75,0.0,0.0,0.0,17.56,14.18,5.09,3.19,0.0,0.0,0.0,14.39,14.39,5.79,0.0,16.04,0.0,0.0,0.0,5.57,6.47,3.87,3.87,7.92,48.02,0.0,0.0,0.0,0.0,0.0,0.0,0.0,0.0,0.0,0.0,0.73,0.73,0.85,0.0,0.71,0.0,30.26,0.0,0.0,0.0,0.71,0.0,0.0
Pictet-Indian Equities-P EUR,0.0,0.0,0.0,0.0,0.0,0.0,1.78,0.0,0.0,0.0,0.0,0.0,0.0,0.0,0.0,0.0,0.0,0.0,0.0,2.34,0.0,0.0,0.0,0.0,0.0,2.42,0.0,0.0,1.78,0.0,0.0,0.0,0.0,0.0,0.0,0.0,0.0,0.0,0.0,0.0,0.0,0.0,0.0,0.0,0.0,0.0,0.0,0.0,0.0,2.08,0.0,85.86,0.0,0.0,0.0,0.0,0.0,0.0,3.27,1.85,1.85,0.0,0.0,0.0,0.0,0.0,0.0,0.0,0.0,0.0,1.91,0.0,0.0,0.0
Pictet-Short-Term Money Market EUR-P,0.0,0.0,0.0,0.0,0.0,0.0,0.0,0.0,0.0,0.0,0.0,0.0,0.0,0.0,0.0,0.0,0.0,0.0,0.0,0.0,0.0,0.0,0.0,0.0,0.0,0.0,0.0,0.0,0.0,0.0,0.0,0.0,0.0,0.0,0.0,0.0,0.0,0.0,0.0,0.0,0.0,0.0,0.0,0.0,0.0,0.0,0.0,0.0,0.0,0.0,0.0,0.0,0.78,0.0,0.0,0.0,0.0,0.0,0.0,0.0,0.0,0.0,0.0,0.0,0.0,0.0,0.0,0.0,0.0,0.0,0.0,0.0,0.0,0.0
Pictet-Short-Term Money Market USD-P,0.0,0.0,0.0,0.0,0.0,0.0,0.0,0.0,0.0,0.0,0.0,0.0,0.0,0.0,0.0,0.0,0.0,0.0,0.0,0.0,0.0,0.0,0.0,0.0,0.0,0.0,0.0,0.0,0.0,0.0,0.0,0.0,0.0,0.0,0.0,0.0,0.0,0.0,0.0,0.0,0.0,0.0,0.0,0.0,0.0,0.0,0.0,0.0,0.0,0.0,0.0,0.0,0.0,11.66,0.0,0.0,0.0,0.0,0.0,0.0,0.0,0.0,0.0,0.0,0.0,0.0,0.0,0.0,0.0,0.0,0.0,0.0,0.0,0.0
Pictet-Timber-P EUR,0.0,0.0,0.0,0.0,0.0,0.0,0.0,0.0,0.0,0.0,0.0,0.0,0.0,0.62,0.0,0.0,0.0,0.0,0.0,0.0,0.0,0.0,0.0,0.0,0.0,0.0,0.0,0.0,0.0,0.0,0.0,0.0,0.0,0.0,0.0,0.0,0.0,0.0,0.0,0.0,0.0,0.0,0.0,0.0,0.0,0.0,0.0,0.0,0.0,0.0,0.0,0.0,0.0,0.0,71.26,0.0,0.0,0.0,0.0,0.0,0.0,0.0,0.0,0.0,0.0,0.0,0.0,0.0,0.0,0.0,0.0,0.0,0.0,0.0
Robeco Global Consumer Trends D EUR,0.0,5.71,0.0,0.0,0.0,0.0,9.54,1.8,17.79,21.36,5.78,19.12,0.0,0.0,0.0,0.0,1.79,12.0,12.0,32.35,0.0,3.2,26.65,27.3,0.0,5.44,6.06,1.77,8.68,0.0,6.66,4.4,19.06,14.57,0.0,0.0,0.0,0.0,0.0,8.39,4.4,2.12,0.0,0.0,0.0,25.93,5.43,17.27,17.27,15.48,0.0,0.0,0.0,0.0,0.0,71.7,4.52,0.0,9.54,9.54,9.54,17.13,17.13,16.11,0.0,17.75,22.62,2.08,0.0,9.54,9.54,17.76,0.0,0.0
RobecoSAM Sustainable Global Equities EUR B,0.0,3.67,0.0,0.0,0.0,0.0,0.0,3.89,2.78,1.95,0.0,2.78,0.0,0.0,0.0,0.0,0.0,1.59,1.59,4.52,0.0,7.19,2.78,2.78,0.0,0.0,4.12,0.0,0.0,0.0,5.42,7.46,2.78,5.14,0.0,0.0,0.0,2.05,2.05,2.78,0.0,1.74,0.0,0.0,0.0,2.78,1.74,2.78,2.78,0.0,0.0,0.0,0.0,0.0,0.0,4.52,57.61,0.0,0.0,0.0,0.0,2.65,2.65,2.78,0.0,2.78,2.78,0.0,0.0,0.0,0.0,2.78,0.0,0.0
Schroder ISF EURO Bond A Acc EUR,0.0,0.0,0.0,0.0,0.0,0.0,0.0,0.0,0.0,0.0,0.0,0.0,0.0,0.0,3.22,0.0,0.0,0.0,0.0,0.0,0.0,0.0,0.0,0.0,1.11,0.0,0.0,0.0,0.0,0.8,0.0,0.0,0.0,0.0,0.0,0.0,0.0,0.0,0.0,0.0,0.0,0.0,0.0,0.0,0.0,0.0,0.0,0.0,0.0,0.0,0.0,0.0,0.0,0.0,0.0,0.0,0.0,33.58,0.0,0.0,0.0,0.0,0.0,0.0,0.0,0.0,0.0,0.0,0.0,0.0,0.0,0.0,0.0,0.0
Schroder ISF Emerging Asia A Acc EUR,0.0,0.0,11.41,1.31,0.0,0.0,31.8,0.0,0.0,0.0,0.0,0.0,0.0,0.0,0.0,0.0,0.0,2.6,2.6,12.59,0.0,0.0,15.62,0.0,0.0,27.29,0.0,11.19,24.68,0.0,0.0,0.0,10.52,0.0,0.0,0.0,0.0,0.0,0.0,1.91,0.0,0.0,0.0,0.0,0.0,0.0,0.0,4.12,4.12,16.16,0.0,3.27,0.0,0.0,0.0,9.54,0.0,0.0,67.77,34.9,34.9,3.62,3.62,0.0,0.0,0.0,0.0,0.0,0.0,38.87,32.31,0.0,0.0,0.0
Vanguard Emerging Markets Stock Index EUR Acc,0.0,0.0,6.79,0.0,0.0,0.0,42.3,0.0,0.0,0.0,0.0,0.0,0.0,0.0,0.0,0.0,0.0,2.6,2.6,8.96,0.0,0.0,13.89,0.0,0.0,21.88,0.0,5.44,23.88,0.0,0.0,0.0,11.39,0.0,0.0,0.0,0.0,0.0,0.0,0.96,0.0,0.0,0.0,0.0,0.41,0.0,0.0,4.12,4.12,15.95,0.0,1.85,0.0,0.0,0.0,9.54,0.0,0.0,34.9,47.27,47.27,3.62,3.62,0.0,0.0,0.0,0.0,0.0,0.0,41.52,40.35,0.0,0.0,0.0
Vanguard Emerging Markets Stock Index EUR Inv,0.0,0.0,6.79,0.0,0.0,0.0,42.3,0.0,0.0,0.0,0.0,0.0,0.0,0.0,0.0,0.0,0.0,2.6,2.6,8.96,0.0,0.0,13.89,0.0,0.0,21.88,0.0,5.44,23.88,0.0,0.0,0.0,11.39,0.0,0.0,0.0,0.0,0.0,0.0,0.96,0.0,0.0,0.0,0.0,0.41,0.0,0.0,4.12,4.12,15.95,0.0,1.85,0.0,0.0,0.0,9.54,0.0,0.0,34.9,47.27,47.27,3.62,3.62,0.0,0.0,0.0,0.0,0.0,0.0,41.52,40.35,0.0,0.0,0.0
Vanguard FTSE All-World UCITS ETF USD Acc,0.0,0.0,0.91,0.0,0.0,0.0,3.62,0.73,28.24,24.08,8.11,15.54,0.0,0.0,0.0,0.0,0.73,20.37,20.37,20.3,0.0,1.5,20.63,17.63,0.0,2.66,0.73,0.0,3.62,0.0,0.73,0.73,14.51,6.37,0.0,0.0,0.0,0.0,0.0,7.53,4.62,0.73,0.0,0.0,0.0,18.84,0.73,9.15,9.15,8.28,0.73,0.0,0.0,0.0,0.0,17.13,2.65,0.0,3.62,3.62,3.62,33.51,33.51,29.89,0.0,28.06,28.09,0.73,0.0,3.62,3.62,28.07,0.0,0.0
Vanguard FTSE All-World UCITS ETF USD Dis,0.0,0.0,0.91,0.0,0.0,0.0,3.62,0.73,28.24,24.08,8.11,15.54,0.0,0.0,0.0,0.0,0.73,20.37,20.37,20.3,0.0,1.5,20.63,17.63,0.0,2.66,0.73,0.0,3.62,0.0,0.73,0.73,14.51,6.37,0.0,0.0,0.0,0.0,0.0,7.53,4.62,0.73,0.0,0.0,0.0,18.84,0.73,9.15,9.15,8.28,0.73,0.0,0.0,0.0,0.0,17.13,2.65,0.0,3.62,3.62,3.62,33.51,33.51,29.89,0.0,28.06,28.09,0.73,0.0,3.62,3.62,28.07,0.0,0.0
Vanguard Global Stock Index EUR Acc,0.0,0.0,0.0,0.0,0.0,0.0,0.0,0.85,32.34,27.1,8.42,18.89,0.0,0.0,0.0,0.0,0.85,18.84,18.84,19.23,0.0,1.75,21.28,19.78,0.0,0.0,0.85,0.0,0.0,0.0,0.85,0.85,14.73,7.24,0.0,0.0,0.0,0.0,0.0,8.03,5.33,0.85,0.0,0.0,0.0,20.86,0.85,8.43,8.43,5.43,0.85,0.0,0.0,0.0,0.0,16.11,2.78,0.0,0.0,0.0,0.0,29.89,29.89,35.5,0.0,31.74,32.84,0.85,0.0,0.0,0.0,31.76,0.0,0.0
iShares Asia Pacific Dividend UCITS ETF USD (Dist),0.0,0.0,0.0,0.0,0.0,0.0,0.0,0.0,0.0,0.0,0.0,0.0,0.0,0.0,0.0,0.0,0.0,0.0,0.0,0.0,0.0,0.0,0.0,0.0,0.0,8.78,0.0,0.0,0.0,0.0,0.0,0.0,0.0,0.0,0.0,0.0,0.0,0.0,0.0,0.0,0.0,0.0,0.0,0.0,0.0,0.0,0.0,0.0,0.0,0.0,0.0,0.0,0.0,0.0,0.0,0.0,0.0,0.0,0.0,0.0,0.0,0.0,0.0,0.0,75.65,0.0,0.0,0.0,0.0,2.06,0.0,0.0,0.0,0.0
iShares Core MSCI World UCITS ETF USD (Acc),0.0,0.0,0.0,0.0,0.0,0.0,0.0,0.71,35.06,26.03,8.28,19.05,0.0,0.0,0.0,0.0,0.71,18.37,18.37,19.65,0.0,2.2,21.3,20.72,0.0,0.0,0.71,0.0,0.0,0.0,0.71,0.71,15.95,8.12,0.0,0.0,0.0,0.0,0.0,8.16,5.06,0.71,0.0,0.0,0.0,23.59,0.71,9.49,9.49,6.03,0.71,0.0,0.0,0.0,0.0,17.75,2.78,0.0,0.0,0.0,0.0,28.06,28.06,31.74,0.0,36.41,35.7,0.71,0.0,0.0,0.0,36.41,0.0,0.0
iShares Core S&P 500 UCITS ETF USD (Acc),0.0,0.0,0.0,0.0,0.0,0.0,0.0,0.0,35.21,34.0,8.09,27.78,0.0,0.0,0.0,0.0,0.0,18.74,18.74,23.13,0.0,3.03,26.46,24.78,0.0,0.0,0.0,0.0,0.0,0.0,0.0,0.0,18.99,10.49,0.0,0.0,0.0,0.0,0.0,8.99,7.03,0.0,0.0,0.0,0.0,29.27,0.0,12.12,12.12,6.35,0.0,0.0,0.0,0.0,0.0,22.62,2.78,0.0,0.0,0.0,0.0,28.09,28.09,32.84,0.0,35.7,51.36,0.0,0.0,0.0,0.0,35.74,0.0,0.0
iShares Euro Total Mrkt Grwth Lrg UCITS ETF EUR D,0.0,0.0,0.0,0.0,0.0,0.0,0.0,13.59,0.71,0.0,22.39,0.0,0.0,0.0,0.0,0.0,38.61,1.08,1.08,2.87,0.0,0.0,0.0,3.63,0.0,0.0,24.18,1.57,0.0,0.0,22.96,10.3,6.37,6.6,0.0,0.0,0.0,7.4,7.4,9.02,0.0,6.99,0.0,0.0,0.0,5.44,6.82,7.08,7.08,9.96,30.26,0.0,0.0,0.0,0.0,2.08,0.0,0.0,0.0,0.0,0.0,0.73,0.73,0.85,0.0,0.71,0.0,85.81,0.0,0.0,0.0,0.71,0.0,0.0
iShares Global Clean Energy Trnstn UCITS ETF USD D,0.0,0.0,0.0,0.0,0.0,0.0,0.0,0.0,0.0,0.0,0.0,0.0,0.0,0.0,0.0,0.0,0.0,0.0,0.0,0.0,0.0,0.0,0.0,2.37,0.0,0.0,0.0,0.0,0.0,0.0,0.0,0.0,0.0,0.0,0.0,0.0,0.0,2.13,2.13,0.0,0.0,0.0,0.0,0.0,0.0,0.0,0.0,0.0,0.0,0.0,0.0,0.0,0.0,0.0,0.0,0.0,0.0,0.0,0.0,0.0,0.0,0.0,0.0,0.0,0.0,0.0,0.0,0.0,71.34,0.0,0.0,0.0,0.0,0.0
iShares MSCI AC Far East ex-Jpn UCITS ETF USD D,0.0,0.0,7.36,0.0,0.0,0.0,40.94,0.0,0.0,0.0,0.0,0.0,0.0,0.0,0.0,0.0,0.0,2.6,2.6,8.58,0.0,0.0,13.06,0.0,0.0,23.69,0.0,9.39,23.28,0.0,0.0,0.0,11.67,0.0,0.0,0.0,0.0,0.0,0.0,1.06,0.0,0.0,0.0,0.0,0.0,0.0,0.0,4.12,4.12,14.82,0.0,0.0,0.0,0.0,0.0,9.54,0.0,0.0,38.87,41.52,41.52,3.62,3.62,0.0,2.06,0.0,0.0,0.0,0.0,62.66,42.01,0.0,0.0,0.0
iShares MSCI EM UCITS ETF USD (Dist),0.0,0.0,6.41,0.0,0.0,0.0,42.55,0.0,0.0,0.0,0.0,0.0,0.0,0.0,0.0,0.0,0.0,2.6,2.6,9.32,0.0,0.0,11.34,0.0,0.0,22.05,0.0,7.32,22.77,0.0,0.0,0.0,11.41,0.0,0.0,0.0,0.0,0.0,0.0,0.82,0.0,0.0,0.0,0.0,0.0,0.0,0.0,4.12,4.12,16.08,0.0,1.91,0.0,0.0,0.0,9.54,0.0,0.0,32.31,40.35,40.35,3.62,3.62,0.0,0.0,0.0,0.0,0.0,0.0,42.01,46.66,0.0,0.0,0.0
iShares MSCI World UCITS ETF USD (Dist),0.0,0.0,0.0,0.0,0.0,0.0,0.0,0.71,35.08,26.05,8.28,19.07,0.0,0.0,0.0,0.0,0.71,18.38,18.38,19.66,0.0,2.21,21.31,20.74,0.0,0.0,0.71,0.0,0.0,0.0,0.71,0.71,15.96,8.12,0.0,0.0,0.0,0.0,0.0,8.16,5.07,0.71,0.0,0.0,0.0,23.61,0.71,9.49,9.49,6.03,0.71,0.0,0.0,0.0,0.0,17.76,2.78,0.0,0.0,0.0,0.0,28.07,28.07,31.76,0.0,36.41,35.74,0.71,0.0,0.0,0.0,36.45,0.0,0.0
iShares € Corp Bond 1-5 yr UCITS ETF EUR (Dist),0.0,0.0,0.0,0.0,0.0,0.0,0.0,0.0,0.0,0.0,0.0,0.0,0.0,0.0,0.1,0.0,0.0,0.0,0.0,0.0,0.0,0.0,0.0,0.0,0.0,0.0,0.0,0.0,0.0,0.0,0.0,0.0,0.0,0.0,0.0,0.0,0.0,0.0,0.0,0.0,0.0,0.0,0.0,0.0,0.0,0.0,0.0,0.0,0.0,0.0,0.0,0.0,0.0,0.0,0.0,0.0,0.0,0.0,0.0,0.0,0.0,0.0,0.0,0.0,0.0,0.0,0.0,0.0,0.0,0.0,0.0,0.0,2.75,0.0
iShares € Govt Bond 1-3yr UCITS ETF EUR Dist,0.0,0.0,0.0,0.0,0.0,0.0,0.0,0.0,0.0,0.0,0.0,0.0,0.0,0.0,0.15,10.99,0.0,0.0,0.0,0.0,0.0,0.0,0.0,0.0,0.15,0.0,0.0,0.0,0.0,0.0,0.0,0.0,0.0,0.0,0.0,0.0,0.0,0.0,0.0,0.0,0.0,0.0,0.0,0.0,0.0,0.0,0.0,0.0,0.0,0.0,0.0,0.0,0.0,0.0,0.0,0.0,0.0,0.0,0.0,0.0,0.0,0.0,0.0,0.0,0.0,0.0,0.0,0.0,0.0,0.0,0.0,0.0,0.0,100.09
