Fons,Retorn Total (%),CAGR Anualitzat (%),Volatilitat (%),Sharpe Ratio,Max Drawdown (%)
"Azvalor Internacional, FI",2.63,10.74,11.7,0.66,-8.33
"AzValor Iberia, FI",8.52,37.88,15.89,2.19,-8.57
Groupama Tresorerie IC,0.57,2.26,0.26,-2.8,-0.12
AMUNDI EURO LIQUIDITY-RATED RESPONSIBLE - I (C),0.61,2.4,0.09,-6.86,0.0
Carmignac Securite AW EUR Acc,0.28,1.1,2.08,-0.92,-1.96
Carmignac Absolute Return Europe A EUR Acc,-2.32,-8.82,3.66,-3.23,-3.4
Vanguard Emerging Markets Stock Index EUR Inv,1.61,6.48,13.83,0.25,-8.97
Vanguard Emerging Markets Stock Index EUR Acc,1.61,6.48,13.83,0.25,-8.97
Vanguard Global Stock Index EUR Acc,5.12,21.66,13.41,1.39,-6.45
iShares MSCI World UCITS ETF USD (Dist),7.14,31.1,13.58,2.07,-7.17
iShares Euro Total Mrkt Grwth Lrg UCITS ETF EUR D,15.27,74.72,18.76,3.82,-5.46
iShares MSCI EM UCITS ETF USD (Dist),3.36,13.84,14.7,0.74,-10.57
iShares MSCI AC Far East ex-Jpn UCITS ETF USD D,5.46,23.2,18.6,1.09,-11.35
iShares € Govt Bond 1-3yr UCITS ETF EUR Dist,1.04,4.16,2.57,0.45,-1.06
iShares Asia Pacific Dividend UCITS ETF USD (Dist),2.06,8.36,15.41,0.35,-10.01
iShares Global Clean Energy Trnstn UCITS ETF USD D,-3.45,-12.89,21.65,-0.73,-14.12
Vanguard FTSE All-World UCITS ETF USD Dis,6.55,28.28,12.39,2.04,-7.34
iShares Core MSCI World UCITS ETF USD (Acc),7.48,32.74,13.66,2.18,-7.12
iShares € Corp Bond 1-5 yr UCITS ETF EUR (Dist),1.22,4.87,3.74,0.5,-1.98
iShares Core S&P 500 UCITS ETF USD (Acc),6.94,30.14,16.25,1.67,-7.6
Vanguard FTSE All-World UCITS ETF USD Acc,6.98,30.32,12.51,2.18,-7.34
Invesco Pan European Equity A EUR Acc,8.62,38.35,15.67,2.26,-7.35
Fidelity Funds - European Growth A-EUR,6.09,26.13,13.33,1.74,-6.02
Fidelity Funds - Euro Bond A-EUR,2.02,8.15,10.55,0.49,-5.47
JPM Emerging Europe Equity A Dis EUR SUSP,0.0,0.0,0.0,0.0,0.0
Invesco Global Consumer Trends A USD Acc,14.67,71.19,23.85,2.86,-14.33
CT (Lux) Pan European Eqs AE EUR,8.58,38.18,15.41,2.28,-6.38
CT (Lux) Asian Equity Income AU USD,2.66,10.85,17.77,0.44,-10.3
JPM Emerging Middle East Equity A Dist USD,2.95,12.08,10.1,0.9,-6.18
AXA WF Switzerland Equity A Cap CHF,7.82,34.42,13.95,2.25,-6.46
BGF Euro-Markets A2 EUR,10.03,45.54,18.8,2.26,-6.48
BGF Euro Short Duration Bond E2 EUR,1.29,5.15,2.77,0.78,-1.27
JB Strategy Balanced-EUR A,3.3,13.61,5.72,1.85,-3.5
Schroder ISF EURO Bond A Acc EUR,1.93,7.78,7.74,0.62,-4.49
MS INVF Global Brands Fund I USD Acc,6.72,29.11,15.62,1.67,-6.49
MS INVF Global Brands Fund A USD Acc,6.48,27.94,15.61,1.6,-6.59
Pictet-Short-Term Money Market EUR-P,0.55,2.18,0.08,-9.88,-0.01
Pictet-Short-Term Money Market USD-P,1.2,4.78,0.17,10.4,0.0
HSBC GIF - Euroland Equity Smaller Cos AC,0.76,3.02,16.55,0.0,-9.15
HSBC GIF - Euroland Equity Smaller Cos IC,0.98,3.9,16.56,0.05,-9.06
HSBC GIF - Euroland Value AC,5.36,22.78,16.16,1.22,-9.07
HSBC GIF - Euroland Value AD,5.36,22.77,16.16,1.22,-9.07
BGF Global Allocation Fund A2 EUR,1.71,6.89,7.36,0.53,-3.66
BGF Global Long-Horizon Equity A2 EUR,0.94,3.73,16.36,0.04,-9.43
BGF World Gold A2 EUR,14.6,70.81,23.64,2.87,-14.14
BGF World Healthscience Fund A2 EUR,-2.68,-10.11,10.34,-1.27,-7.46
BGF World Technology Fund A2 EUR,14.03,67.49,23.65,2.73,-6.45
Robeco Global Consumer Trends D EUR,12.5,58.81,16.56,3.37,-7.0
JPM Global Focus A Acc EUR,6.7,29.03,14.16,1.84,-5.56
Schroder ISF Emerging Asia A Acc EUR,4.93,20.79,14.7,1.21,-10.58
Fidelity Funds - Europe Equity ESG A-ACC-EUR,6.03,25.87,13.77,1.66,-6.28
Pictet-Indian Equities-P EUR,-5.53,-20.03,11.49,-2.0,-7.43
Pictet-Euroland Index-P EUR,9.78,44.27,16.5,2.5,-6.49
Jupiter European Select L EUR Acc,9.44,42.53,16.22,2.44,-5.09
Fidelity Funds - Emerging Markets A-ACC-USD,3.03,12.42,18.0,0.52,-12.38
BGF Euro Bond Fund D2 EUR,2.44,9.95,7.88,0.88,-4.25
HSBC GIF Global Equity Climate Solutions EC,4.59,19.29,22.14,0.74,-8.54
BGF Global Allocation Fund D2 USD,4.51,18.91,10.28,1.55,-5.74
Pictet-Timber-P EUR,-1.18,-4.57,15.52,-0.49,-10.29
Fidelity Funds - Global Technology Y-ACC-EUR,12.64,59.62,20.14,2.81,-6.56
Fidelity Funds - China Focus Y-ACC-USD,7.08,30.84,20.29,1.37,-11.67
Allianz Oriental Income A (USD),5.66,24.14,16.13,1.31,-10.15
Allianz Thailand Equity A-EUR,-3.53,-13.18,14.47,-1.12,-12.44
Amundi Core MSCI Europe AE Acc,7.59,33.28,13.7,2.21,-5.83
Amundi Core Global Gov Bond IHE Acc,2.91,11.93,6.36,1.4,-3.26
Amundi Core Global Gov Bond AHE Acc,2.87,11.75,6.36,1.37,-3.27
BSF BlackRock ESG Fixed Income Strategies D2 EUR,0.32,1.26,3.77,-0.46,-3.26
MS INVF Global Opportunity Fund A USD Acc,19.04,98.28,26.48,3.6,-9.34
Fundsmith SICAV-Fundsmith Equity EUR T Acc,7.79,34.28,13.01,2.41,-4.02
BNP Paribas Disruptive Technology Clsc Cap,11.89,55.46,20.58,2.55,-7.52
Amundi Core MSCI Em Mkts AE Acc,1.46,5.85,16.21,0.18,-9.73
Amundi S&P 500 Screened INDEX AE Acc,5.45,23.16,17.3,1.16,-7.4
Amundi Index MSCI World - AE (C),4.96,20.94,13.37,1.34,-6.47
Amundi MSCI World Swap UCITS ETF EUR Acc,4.89,20.63,13.38,1.32,-6.46
Amundi MSCI Em Mkts Swap UCITS ETF EUR Acc,1.47,5.9,14.07,0.21,-9.11
