Instrument,Fund Name,ISIN,RIC
IE00B03HD191,Vanguard Global Stock Index EUR Acc,IE00B03HD191,LP60078536
LU0996182563,Amundi Index MSCI World - AE (C),LU0996182563,LP68257931
LU0690375182,Fundsmith SICAV-Fundsmith Equity EUR T Acc,LU0690375182,LP68227672
IE0031786142,Vanguard Emerging Markets Stock Index EUR Inv,IE0031786142,LP65022009
IE0031786696,Vanguard Emerging Markets Stock Index EUR Acc,IE0031786696,LP68250801
LU0389811885,Amundi Core MSCI Europe AE Acc,LU0389811885,LP65136730
LU0389812693,Amundi Core Global Gov Bond IHE Acc,LU0389812693,LP65136724
LU0389812933,Amundi Core Global Gov Bond AHE Acc,LU0389812933,LP65136725
IE00B4L5Y983,iShares Core MSCI World UCITS ETF USD (Acc),IE00B4L5Y983,IWDA.L
IE00B5BMR087,iShares Core S&P 500 UCITS ETF USD (Acc),IE00B5BMR087,CSPX.L
IE00BK5BQT80,Vanguard FTSE All-World UCITS ETF USD Acc,IE00BK5BQT80,VWCE.DE
IE00B3RBWM25,Vanguard FTSE All-World UCITS ETF USD Dis,IE00B3RBWM25,VWRL.L
LU1681043599,Amundi MSCI World Swap UCITS ETF EUR Acc,LU1681043599,CW8.PA
LU1681045370,Amundi MSCI Em Mkts Swap UCITS ETF EUR Acc,LU1681045370,AEEM.PA
LU0996177134,Amundi Core MSCI Em Mkts AE Acc,LU0996177134,LP68263211
LU0996179007,Amundi S&P 500 Screened INDEX AE Acc,LU0996179007,LP68260316
IE00B0M62Q58,iShares MSCI World UCITS ETF USD (Dist),IE00B0M62Q58,IWRD.L
IE00B0M62V02,iShares Euro Total Mrkt Grwth Lrg UCITS ETF EUR D,IE00B0M62V02,IQQG.DE
IE00B14X4T88,iShares Asia Pacific Dividend UCITS ETF USD (Dist),IE00B14X4T88,IAPD.L
IE00B1XNHC34,iShares Global Clean Energy Trnstn UCITS ETF USD D,IE00B1XNHC34,INRG.L
LU0119620416,MS INVF Global Brands Fund A USD Acc,LU0119620416,LP60053353
LU0052864419,Invesco Global Consumer Trends A USD Acc,LU0052864419,LP60003168
LU0552385295,MS INVF Global Opportunity Fund A USD Acc,LU0552385295,LP68080080
LU0823421689,BNP Paribas Disruptive Technology Clsc Cap,LU0823421689,LP60023860
LU0329592538,BGF Global Allocation Fund D2 USD,LU0329592538,LP65107172
LU0210534227,JPM Global Focus A Acc EUR,LU0210534227,LP60101512
LU0099841511,JB Strategy Balanced-EUR A,LU0099841511,LP60034471^D23
LU0251128657,Fidelity Funds - Europe Equity ESG A-ACC-EUR,LU0251128657,LP65033236
LU0348798009,Allianz Thailand Equity A-EUR,LU0348798009,LP65136649^D23
LU0171283459,BGF Global Allocation Fund A2 EUR,LU0171283459,LP60065411
LU0171285314,BGF Global Long-Horizon Equity A2 EUR,LU0171285314,LP60060042
LU0171307068,BGF World Healthscience Fund A2 EUR,LU0171307068,LP60056155
LU0165074666,HSBC GIF - Euroland Value AC,LU0165074666,LP60081726
LU0165074740,HSBC GIF - Euroland Value AD,LU0165074740,LP60081333
LU0346389348,Fidelity Funds - Global Technology Y-ACC-EUR,LU0346389348,LP65107140
LU0346390866,Fidelity Funds - China Focus Y-ACC-USD,LU0346390866,LP65107125
LU0261950470,Fidelity Funds - Emerging Markets A-ACC-USD,LU0261950470,LP65044772
ES0112611001,"Azvalor Internacional, FI",ES0112611001,LP68344743
ES0112616000,"AzValor Iberia, FI",ES0112616000,LP68344741
LU0171310443,BGF World Technology Fund A2 EUR,LU0171310443,LP60063230
LU0348783233,Allianz Oriental Income A (USD),LU0348783233,LP60089615
LU0187079347,Robeco Global Consumer Trends D EUR,LU0187079347,LP60025799
LU0323240373,HSBC GIF Global Equity Climate Solutions EC,LU0323240373,LP65111098
LU0255979071,Pictet-Indian Equities-P EUR,LU0255979071,LP65033198
LU0255980913,Pictet-Euroland Index-P EUR,LU0255980913,LP65033070
LU0340559557,Pictet-Timber-P EUR,LU0340559557,LP65123693
LU0438336421,BSF BlackRock ESG Fixed Income Strategies D2 EUR,LU0438336421,LP68026398
LU0260085492,Jupiter European Select L EUR Acc,LU0260085492,LP65037221
LU0028118809,Invesco Pan European Equity A EUR Acc,LU0028118809,LP60003182
FR0000989626,Groupama Tresorerie IC,FR0000989626,LP60043203
FR0007038138,AMUNDI EURO LIQUIDITY-RATED RESPONSIBLE - I (C),FR0007038138,LP60041232
LU0269724349,,LU0269724349,LP65058517^K20
LU0051759099,JPM Emerging Europe Equity A Dis EUR SUSP,LU0051759099,LP60033894
LU0128494191,Pictet-Short-Term Money Market EUR-P,LU0128494191,LP60045635
LU0093502762,BGF Euro-Markets A2 EUR,LU0093502762,LP60013796
IE00B14X4Q57,iShares € Govt Bond 1-3yr UCITS ETF EUR Dist,IE00B14X4Q57,IBGS.L
IE00B4L60045,iShares € Corp Bond 1-5 yr UCITS ETF EUR (Dist),IE00B4L60045,IE15.L
LU0297941469,BGF Euro Bond Fund D2 EUR,LU0297941469,LP65080271
LU0093504115,BGF Euro Short Duration Bond E2 EUR,LU0093504115,LP60025247
LU0128496485,Pictet-Short-Term Money Market USD-P,LU0128496485,LP60045647
FR0010149179,Carmignac Absolute Return Europe A EUR Acc,FR0010149179,LP60040950
FR0010149120,Carmignac Securite AW EUR Acc,FR0010149120,LP60040951
LU0083573666,JPM Emerging Middle East Equity A Dist USD,LU0083573666,LP60033916^L23
LU0106235533,Schroder ISF EURO Bond A Acc EUR,LU0106235533,LP60035664
LU0061476155,CT (Lux) Pan European Eqs AE EUR,LU0061476155,LP60000400
LU0061477393,CT (Lux) Asian Equity Income AU USD,LU0061477393,LP60000408
LU0119620176,MS INVF Global Brands Fund I USD Acc,LU0119620176,LP60053354
LU0171305526,BGF World Gold A2 EUR,LU0171305526,LP60056154
LU0048578792,Fidelity Funds - European Growth A-EUR,LU0048578792,LP60033965
LU0048579097,Fidelity Funds - Euro Bond A-EUR,LU0048579097,LP60033962
LU0248172537,Schroder ISF Emerging Asia A Acc EUR,LU0248172537,LP65025843
LU0188782162,RobecoSAM Sustainable Global Equities EUR B,LU0188782162,1815158.S
LU0165073775,HSBC GIF - Euroland Equity Smaller Cos AC,LU0165073775,LP60081330
LU0165074070,HSBC GIF - Euroland Equity Smaller Cos IC,LU0165074070,LP65053802
IE00B0M63177,iShares MSCI EM UCITS ETF USD (Dist),IE00B0M63177,IEEM.L
IE00B0M63730,iShares MSCI AC Far East ex-Jpn UCITS ETF USD D,IE00B0M63730,IFFF.L
LU0087657150,AXA WF Switzerland Equity A Cap CHF,LU0087657150,LP60000594
